Method	Sample_BN	chr1	pos1	pos2	chr2	size	SV_Format	ReadSup_N/T	Onco_State	DGV_hit	Gene_cover	Gene_disrupt	Gene_UTR	Repeat_Masker_hit
BrD	LR376	chr1	34407234	20077135	chr15	1	TRA	0/10	T	2	.	CSMD2	.	MIR
BrD	LR376	chr1	42976546	42977028	chr1	482	INS	0/10	T	0	.	.	.	HUERS-P3b-int
BrD	LR376	chr3	149949866	149950348	chr3	482	INS	0/11	T	0	.	.	.	MIR3:AluY
BrD	LR376	chr5	1306241	1565125	chr5	258884	DEL	0/14	T	0	MIR4457:CLPTM1L:LPCAT1:SLC6A3	.	.	L1MA3:AluJr:(TA)n:AluSz:L1MEc:AluJb:MER66B:MER51A:MLT1B:AluJo:L1M5:AluSx1:MLT1D:MER88:AluSz6:FLAM_C:MER44A:MIRb:(TG)n:AluSx3:GC_rich:AluY:MER50:L1PA6:MER65A:L1ME2:L1M2c:L1MEf:AluSq2:L1MC:MER41C:MER45C:MER45B:(CTGGGG)n:MER21C:MER20B:L1MC4a:AluSg:L1MC1:AluSp:MER66C:MER66-int:MER45A:LTR12D:MLT1A0:(CA)n:MLT1E2:L4:MER81:(TCCA)n:(CCCA)n:C-rich:L2a:MLT1C:LTR16A1:L1MEd:L1MEe:(CATTC)n:MER58A:L1MB3:AluSc8:MIRc:(CGGGG)n:MER5A1:(TCTA)n:G-rich:(GGCTG)n:GA-rich:(TGGGGG)n:(TGGA)n:(TAGA)n:ERVL-E-int:L1ME1:L1MCa:(CATG)n:(CACG)n:MamRep605:Tigger1:(GGGTG)n:Looper:HAL1:(CATA)n:Charlie8:L3:(ACCTG)n:MER33:L1MC5:L2b:(TATATG)n:LTR16B2:MER74B:MLT1H2:MER74A:THE1B:AT_rich:MLT1J:HAL1-3A_ME:Arthur1B:L2c:L1MB4:LTR53:MIR3:LTR2C:MSTD:MLT1I
BrD	LR376	chr5	1541876	6350325	chrX	1	TRA	0/17	T	0	.	.	.	.
BrD	LR376	chr5	1757104	1758374	chr5	1270	INV	0/20	T	0	.	.	.	AluSx:(TAA)n:AluSx3
BrD	LR376	chr5	1759218	2056064	chr5	296846	INV	0/12	T	0	MRPL36:IRX4:NDUFS6	.	.	L1MC4a:AT_rich:(TA)n:AluSz6:MER58A:AluSx:MLT1J:MLT2C2:(CACCG)n:L1MB5:MIRc:MIRb:LTR45B:L1M7:AluJb:L1MD:L1ME2:MLT1B:MER57B1:(CCCCAG)n:(CACCT)n:(CA)n:(CACG)n:L2:MLT1G1:(TCTCTG)n:MER51A:MLT1C:AluSx1:MLT1A0:LTR16E1:MER20:MLT1H1:L1ME2z:MER117:L1MC2:L1MB3:LTR33A:Tigger2a:L1MC5:MSTD:G-rich:L1M6:L1MEe:L1ME4a:T-rich:ERVL-int:L1MDa:AluSx3:L1MA7:ERVL-E-int:(CGGGG)n:Charlie1a:AluSq2:AluSg:C-rich:AluSp:(CATATA)n:L1MEg:MLT1E:MIR3:(TG)n:AluJo:CT-rich:(TTTTG)n:ERVL-B4-int:X7A_LINE:L2a:MSTC:MER50:(CCG)n:MER124:(CGTG)n:GA-rich:(A)n:(CGG)n:AluY:GC_rich:MLT1C-int:THE1B:THE1B-int:L1PA7:MLT1I:(CAAAA)n:Tigger3c:MLT1F2:MLT1L:MLT2B1:L2b:L2c:MLT1J2:L1MEf:MLT1H2:L1MB7:THE1C:Charlie18a:HAL1:L1ME1:LTR34:(CATA)n:(TTGTG)n:MER85:L1MA6:Tigger13a:L1MA9:L1MA8:AluYb8:L1M4:L1MC1:MLT2C1:(CTGTG)n:L1P2:L1ME3A:L1M5:MER82:MER33:MER58C:Tigger3b:MER5A:Charlie5:AluJr:L3b:L1HS:MER45A:MLT1J1:(TAA)n:MLT2A2:MADE1:Charlie14a:L4:MER97a:MSTA:L1MEc:(TAGG)n:(ATGGTG)n:LTR78B:MLT2D:LTR84b:THE1D:AluSg7:LTR12_:L1MEd:MLT1F-int:(GGCTG)n:(TTTTC)n:LTR16C:HAL1b:L1PA10:L1MC3
BrD	LR376	chr6	31236627	31321983	chr6	85356	TRA	0/10	T	9	.	HLA-C:HLA-B	.	L1MEf:(T)n:C-rich:L1ME1:L1MD:AluJr:L1P:A-rich:L1PA8A:L1P4:L1PA13:L1PREC2:LTR84b:AluY:L1ME3B:L1MC5:L1ME3A:AluJb:(TG)n:ERVL-E-int:L1MB8:MIR:(TAA)n:MLT1D:LTR33B:ERV3-16A3_I-int:AT_rich:L1PB2:AluSc8:L2c:MLT1F2:(CATA)n:(CA)n:(GGA)n:L1MEg:(TA)n:MER5A:MER5B:L1MB7:MER3:AluJo:MLT1B:MLT1G1:L1M4c:AluSx3:MLT2C1:ERVL-B4-int:AluSp:L1M2:LTR10E:HERVI-int:AluSg:MER9a3:L1MEc:L1MA7:L1PA5:MLT2D:MER21-int:MSTA:FRAM:LTR39:AluJr4:MER21C:MLT1A1:MER1B:MER4A:MER4B:MLT1N2:LTR9:MER5A1:L2a:L3
BrD	LR376	chr6	126150929	126153193	chr6	2264	DEL	0/23	T	1	.	NCOA7	.	L3:AluJr:(TG)n
BrD	LR376	chr6	126454436	126908282	chr6	453846	DEL	0/12	T	0	CENPW	.	.	AT_rich:L1MA4:AluSx1:L1MD:MIRb:MIRc:AmnSINE1:AluSq2:L1PA7:MER20B:MSTC:L2a:C-rich:(TTTC)n:MIR3:(TG)n:MSTB:MSTB-int:AluY:MamGypLTR2c:L1ME3B:L1MC5:LTR88b:MLT1J1:MER58A:MLT1C:AluSx3:AluSg:MER102b:MER5A1:MER5B:HAL1:LTR16A:L3:MamGypLTR1d:THE1D:L1M5:L3b:AluJo:Charlie2a:Charlie2b:L1ME4a:HERV16-int:CT-rich:MER45A:(CA)n:MLT1K:MLT1E:MLT1N2:L1MA3:MLT1I:L1PA15:AluSz:THE1B:Charlie7:LTR32:Tigger2b_Pri:ORSL:L1PA11:(GA)n:AluJb:L1PA4:FLAM_C:(TCTA)n:(TA)n:L1MC4:AluSg4:L1MA8:MLT1G:Tigger3b:ERVL-E-int:L5:MLT1F:MLT1F-int:L1M2:L1PA13:UCON26:MLT2D:AluYa5:L1MC4a:LTR41:Tigger12:L1PA16:L2c:MER103C:(GGA)n:MLT1A:(ATTG)n:(TATAA)n:Zaphod:Charlie1a:LTR78:MLT1G1:MLT1A0:FAM:L2b:LTR16E2:L1ME1:AluSc:MER4D1:MLT1H:L1MEd:L1ME3C:L1MEe:L1MA6:MER3:MLT1D:MER65A:MER65-int:AluSc8:(CAAAA)n:MER101-int:AluJr:AluSz6:MER63D:Tigger16b:MERX:L1MD3:Charlie19a:L1MD2:FRAM:MER95:L1MEg:MADE1:MER81:L1ME3A:L1P4a:MSTA:MSTD:L1PB3:L1PB1:MLT1H2:MamRep4096:LFSINE_Vert:MER31A:L1PREC2:THE1C:L1ME5:MER94:L1MA9:L1MCc:L1MB8:L1M2a:L1P3:L1M4b:THE1B-int:L1PA5:MLT1B:L1PA3:AmnSINE2:MER110-int:Tigger9b:LTR88c:Plat_L3:LTR67B:L1M7:MER121:MADE2:MER31B:polypyrimidine:L1MC3:MLT2A1:(TAAA)n:AluSp:THE1D-int:(TC)n:L1M3:L1M1:L1MA1:L1MA7:L1MA5A:(CATATA)n:THE1A:THE1A-int:Tigger4b:Tigger3a:HAL1b:A-rich:Tigger15a:MER9a3:HERVK9-int:L1MA2:HSMAR1:X9_LINE:MLT2B2:MER102c:GA-rich:Charlie26a:MLT1J1-int:PRIMA4_LTR:AluYc:LTR1B:LTR86B1:L1ME2:(TAA)n:Ricksha_c:L1MB1:(TCC)n:L1PB4:MLT1L:MLT2A2:L1PA8
BrD	LR376	chr8	11431706	11432089	chr8	383	INS	0/12	T	17	.	.	.	L1M5:FLAM_C:(CA)n
BrD	LR376	chr9	130216480	130657072	chr9	440592	INV	0/15:0/14	T	0	MIR3911:C9orf117:PTRH1:TOR2A:MIR3960:MIR2861:CDK9:FPGS:MIR4672:TTC16:SH2D3C:ENG:AK1:FAM129B:STXBP1	ST6GALNAC6:LRSAM1	.	L2b:MIR3:(A)n:AluSx1:AluSc8:MIRb:L3:L2c:MER2:AluYb8:AluSz6:MIRc:AluSg:L1PA11:MLT1B:MER3:MER33:AluJo:(TA)n:FLAM_C:AluJb:LTR6A:L2a:L1MD3:L1ME3:THE1C:HY1:(TATATG)n:L1M5:(TG)n:AluJr:(TTA)n:L1ME1:AluSq2:AT_rich:HAL1b:L1MC4a:MER5B:L1ME4a:L1MB3:(CTGGGG)n:(TTTC)n:AluSp:MER91B:C-rich:L1PA16:L1MA2:MER4A1:MER41A:MER58A:GA-rich:MER5A:AluSc5:Tigger12c:(CAA)n:(CA)n:(TTCA)n:L1MB8:(CCCCG)n:(TATG)n:AluSg7:AluSx3:FRAM:MER91A:L1ME2:AluJr4:MER20:G-rich:MER96B:LTR48B:AluYc:Arthur1C:Arthur1A:FAM:LTR72:MER119:MSTD:MER41D:MamGypLTR1b:MER4D1:Charlie8:(T)n:GC_rich:MLT1F:L1MB7:MamRep38:L1PB:(TTTTC)n:(TAAA)n:THE1D:FLAM_A:L3b:AluSg4:Charlie1b:Charlie15a:(TTTA)n:Charlie18a:L1ME3B:MER81:L1MD2:Charlie7a:MLT1F1:(TTTTTA)n:(TTG)n:(ATG)n:L1ME3C:LTR3B:Charlie25:L1M3:LTR47A:U6:MER49:(TGAA)n:LTR54:(GA)n:L1M4b:LTR24B:(TCTCTG)n:polypyrimidine:polypurine:L1ME3A:MER83:L1MC1:AluYc3:MADE1:L1PA7:(CAGAGA)n:(CGG)n:MLT1C:(CGGGG)n:Kanga2_a:MER112:(TGGA)n:Tigger3b:(GGGAA)n:HY3:(TCCA)n:MER115:(CAAA)n:5S:MER53:LTR10A:MER63D:LTR33:MER5A1:L1MC5:L1ME2z:MER113:(CGTG)n:(CAG)n:(GGGA)n:L1MB2:LTR8A:PrimLTR79
BrD	LR376	chr9	130525472	130739377	chr9	213905	TRA	0/16	T	0	MIR3960:MIR2861:CDK9:FPGS:MIR4672:ST6GALNAC6:PIP5KL1:DPM2:ENG:AK1:ST6GALNAC4	FAM102A	SH2D3C	L2a:AluSx1:MIR3:(TTG)n:AluJr:L2b:MIRb:MIRc:AluJo:AluSp:(CCCCG)n:AluSg:AluSz6:AluSq2:AluJb:AT_rich:(CAGAGA)n:L2c:(TTA)n:GC_rich:(CGG)n:MLT1C:AluSc8:L1M5:FLAM_C:AluSg4:AluY:L1MC4a:(CGGGG)n:Kanga2_a:(T)n:G-rich:MER112:AluSx3:(TGGA)n:Tigger3b:L1ME4a:(GGGAA)n:(CTGGGG)n:HY3:(TCCA)n:MER115:(CAAA)n:5S:AluSc5:L3:MER53:(TA)n:AluJr4:LTR10A:MER63D:MER81:LTR33:MER5A1:AluYc:L1MC5:L1ME2z:(TG)n:MER113:(CGTG)n:(TGAA)n:(CAG)n:(CA)n:(GGGA)n:L1MB2:MER33:L1MD:A-rich:LTR8A:PrimLTR79:LTR41:(CCCCCG)n:L1ME3F:MER45A:(TAAAA)n:T-rich:(CCCA)n:AluYf4:L1MB7:THE1D:MER20:FLAM_A:L1ME3A:MER102b
BrD	LR376	chr9	130898668	130971289	chr9	72621	INV	0/12	T	0	LCN2:C9orf16:CIZ1	DNM1	.	MIR:L2b:MER5A1:LTR16E1:SATR1:HERVE-int:L1M5:AluY:AluSx:LTR78:AluSz6:AluJb:MLT1F-int:FRAM:AluSg:MIRb:(CA)n:(TTAGGG)n:AluSx3:LTR27:MLT1D:(TTAA)n:AT_rich:AluSc:AluSx1:AluSc8:AluJo:G-rich:(CGGGG)n:MIRc:L2c:MIR3:CT-rich:L1ME4a:MLT1K:MER102b:(CTG)n:AluSq10:AluYk11:AluSp:LTR13:FLAM_C:MER113:MER33:AluJr:AluSq2:(TA)n:GC_rich:AluSg4:L2a
BrD	LR376	chr10	78788225	78788710	chr10	485	DEL	0/21	T	0	.	KCNMA1	.	L1ME4a
BrD	LR376	chr12	95721565	95724569	chr12	3004	DEL	0/11	T	0	.	.	.	L3:AluJb:AluY:L1ME4a:Tigger1:AluSx:AluSp:MER41-int
BrD	LR376	chr12	96577325	96675331	chr12	98006	INV	0/13	T	0	ELK3	CDK17	.	AluJo:Charlie9:LTR12F:MLT1A0:MIR3:MIRc:LTR79:L2c:MER5B:Plat_L3:MER58B:L1MB2:AluJb:(TAA)n:AluSg:FLAM_A:L1MC1:AluSx1:MER5A:AluSq2:(CGCGG)n:(CGGGG)n:G-rich:(T)n:MIRb:MER20:L1ME4a:(TG)n:L1MA5A:L1ME2:AluSz6:AluJr:(CA)n:MADE2:L2b:LTR37A:L1PA17:AluY:MamRep564:T-rich:MSTA:GA-rich:AluSc:MLT1C:Tigger3a:L1MB8:AT_rich:(CAT)n:Tigger4a:Tigger1:MER4E:FLAM_C:L2a:L1MB4:(TA)n:L4:MLT1H2
